<?xml version="1.0" encoding="UTF-8"?>

<beans xmlns="http://www.springframework.org/schema/beans"
    xmlns:xsi="http://www.w3.org/2001/XMLSchema-instance"
    xmlns:context="http://www.springframework.org/schema/context"
    xsi:schemaLocation="http://www.springframework.org/schema/beans
        http://www.springframework.org/schema/beans/spring-beans.xsd
        http://www.springframework.org/schema/context
        http://www.springframework.org/schema/context/spring-context.xsd">
    
    
    <!-- <context:annotation-config /> -->
    <context:component-scan base-package="com.packet.spring.annotation.di"/>
    
    <!-- <bean id="professor" class="com.packet.spring.annotation.di.Professor">
    	<property name="name" value="Nilang" />
    </bean>
    
    <bean id="subject" class="com.packet.spring.annotation.di.Subject">
    </bean> -->
    
    <!-- Pure XML based configuration in absence of Annotation based configuration -->
    <!-- <bean id="subject" class="com.packet.spring.annotation.di.Subject">
    	<property name="professor" ref="professor" />
    </bean> -->

</beans>